degree,method,alpha,cv_mse,cv_mse_std,avg_selected_terms
5,post_lasso_ols,0.024,0.3188387778442449,0.024455870012481125,76.0
5,post_lasso_ols,0.02,0.31900672314252776,0.02239933069306602,84.4
5,post_lasso_ols,0.022,0.3200521627875615,0.023721998984173095,80.0
5,lasso,0.01,0.3221839246197761,0.02504889357946435,113.8
5,lasso,0.012,0.32247030506475977,0.02628868016299965,104.8
5,post_lasso_ols,0.026,0.3227640071258232,0.03226342480496517,74.4
5,post_lasso_ols,0.018,0.32289825508927805,0.023037054198274905,87.8
5,post_lasso_ols,0.028,0.32345545649069274,0.03210822951102613,73.4
5,lasso,0.014,0.32488652626169495,0.027050956211241216,97.8
5,post_lasso_ols,0.016,0.3269022003301569,0.022671446610721267,92.8
5,lasso,0.016,0.3293698487433786,0.02792361594763662,92.8
5,post_lasso_ols,0.03,0.3315492982356987,0.029608618202119952,69.2
5,lasso,0.018,0.335127785480358,0.028815639741542286,87.8
5,post_lasso_ols,0.014,0.3374619652005576,0.025285640614499248,97.8
5,lasso,0.02,0.3414426235947708,0.02983049292430052,84.4
5,post_lasso_ols,0.012,0.34787408208757153,0.023842067741268333,104.8
5,lasso,0.022,0.34862538694935874,0.030973117819966717,80.0
5,lasso,0.024,0.3566708951349317,0.0323886598229606,76.0
5,post_lasso_ols,0.01,0.3568299196223184,0.017932322499890976,113.8
5,lasso,0.026,0.36472444556088396,0.03256294452133074,74.4
5,lasso,0.028,0.37284852106876093,0.03224028737387579,73.4
5,lasso,0.03,0.3809874711808928,0.03224762624763332,69.2
5,ridge,17.8,0.5270642430330514,0.035344511081005135,
5,ridge,31.6,0.5310442412183887,0.04189712105084223,
5,ridge,10.0,0.5384256904585051,0.034420277279393896,
6,ridge,31.6,0.5496840481384346,0.02578565514545471,
5,ridge,56.2,0.551010350456919,0.05148148305773566,
6,ridge,56.2,0.5595854672786134,0.03624502636735363,
6,ridge,17.8,0.5631040056024071,0.035264983045783745,
5,ridge,100.0,0.5907402904167138,0.061475044646585486,
6,ridge,100.0,0.5920021666335545,0.05272586227400481,
6,ridge,10.0,0.603104183146159,0.0633305445360072,
7,ridge,56.2,0.6104014623657429,0.03866110636094761,
5,ridge,3.0,0.6121022608765201,0.05440632875724093,
7,ridge,31.6,0.6223899340685162,0.04810666227977992,
7,ridge,100.0,0.6251743789462785,0.04308071024023867,
7,ridge,17.8,0.6689366058105559,0.07208059514452729,
4,ridge,17.8,0.6857847577003217,0.049191500691131554,
4,ridge,10.0,0.6889419389966494,0.04097709249328526,
4,ridge,31.6,0.6992703684734076,0.06322376895738299,
4,ridge,3.0,0.7209955809298818,0.037478742500872825,
4,ridge,56.2,0.7382529113482043,0.08287287240894177,
4,ridge,1.0,0.7502736803925132,0.03985586640217398,
5,ridge,1.0,0.7544943557970665,0.08173457617536375,
7,ridge,10.0,0.7623826993425629,0.107556487788792,
4,ols,0.0,0.776255397614886,0.043827724493316254,
6,ridge,3.0,0.798692502805441,0.15099786120618638,
4,ridge,100.0,0.8138706497787271,0.10725491453288205,
3,ridge,10.0,0.9312537028903854,0.058191955061342136,
3,ridge,3.0,0.933504802876368,0.05125555181394377,
3,ridge,17.8,0.9357070768115561,0.06509688261066576,
3,ridge,1.0,0.9361418678235311,0.04925953769644266,
3,ols,0.0,0.9380150399332882,0.0483189052779236,
3,ridge,31.6,0.9533341887681173,0.07571827697384625,
3,ridge,56.2,1.0024622681081055,0.09225216721315355,
3,ridge,100.0,1.117311902972365,0.1187037915177738,
7,ridge,3.0,1.1643437496943592,0.20477648418163027,
6,ridge,1.0,1.199478791971433,0.24567080618179954,
5,ols,0.0,1.5850945928707356,0.44008739382576545,
7,ridge,1.0,1.8444000321291767,0.3018646824227357,
2,ridge,17.8,2.948541862445502,0.2957077683739631,
2,ridge,10.0,2.949247389004429,0.30065006354885954,
2,ridge,3.0,2.9522278627074496,0.30543394956910414,
2,ridge,31.6,2.952988705053804,0.2878331034562633,
2,ridge,1.0,2.953531559372501,0.30686715433832246,
2,ols,0.0,2.954263619148871,0.3075954775551941,
2,ridge,56.2,2.974826609995051,0.2760624630120059,
2,ridge,100.0,3.042346393308076,0.2605882159188787,
7,ols,0.0,8.077408063885738,1.367014544743008,
1,ridge,56.2,8.666759786483421,0.9014754556350391,
1,ridge,31.6,8.668000175328425,0.9056793643838449,
1,ridge,100.0,8.669182367104145,0.8954136570251832,
1,ridge,17.8,8.66976491797978,0.9083565305329329,
1,ridge,10.0,8.67115963010058,0.909986623708742,
1,ridge,3.0,8.67268114877592,0.9115283792376154,
1,ridge,1.0,8.673165621201232,0.9119833640841457,
1,ols,0.0,8.67341645018253,0.9122133527235169,
6,ols,0.0,106.4334203195327,72.94136134364057,
