degree,model,mse,std
5,ridge_10,0.538425690458501,0.0344202772793861
5,ridge_100,0.5907402904167134,0.06147504464658332
6,ridge_100,0.5920021666335548,0.052725862274005435
6,ridge_10,0.6031041831461568,0.0633305445360064
7,ridge_100,0.6251743789462777,0.04308071024023865
8,ridge_100,0.6486991078978053,0.020615733734224602
4,ridge_10,0.6889419389966498,0.040977092493286245
9,ridge_100,0.7494858396115239,0.051106304300134006
4,ridge_1,0.7502736803925147,0.03985586640217322
5,ridge_1,0.7544943557970895,0.08173457617542253
7,ridge_10,0.7623826993425695,0.1075564877888077
4,ridge_0.1,0.7730712055064977,0.043237313387549256
4,ridge_0.01,0.7759295845753164,0.043765852868787404
4,ridge_0.001,0.776222740401559,0.04382150772998223
4,ridge_0.0001,0.7762521311324444,0.043827102519624475
4,ridge_1e-05,0.7762550709590306,0.04382766229297185
4,ridge_1e-06,0.7762553649492305,0.04382771827326096
4,ols,0.7762553976148873,0.04382772449331658
10,ridge_100,0.798969212699338,0.04988075161339302
4,ridge_100,0.8138706497787271,0.1072549145328818
8,ridge_10,0.865030546848496,0.1598270044768894
3,ridge_10,0.9312537028903854,0.058191955061342136
3,ridge_1,0.9361418678235311,0.04925953769644266
3,ridge_0.1,0.937807579945374,0.04841001057882743
3,ridge_0.01,0.9379940776303979,0.04832798052041615
3,ridge_0.001,0.9380129415238784,0.04831981244295303
3,ridge_0.0001,0.93801483007054,0.04831899599082825
3,ridge_1e-05,0.9380150189467962,0.048318914349177886
3,ridge_1e-06,0.9380150378346375,0.0483189061850493
3,ols,0.9380150399332898,0.04831890527792433
8,ridge_1000,0.9729632559351586,0.11013722409279739
7,ridge_1000,0.9945611737140938,0.11202350344953377
9,ridge_1000,1.0015973871339017,0.09207994297611276
10,ridge_1000,1.0018578431161778,0.09070156347463978
6,ridge_1000,1.1161953157565534,0.14996968689922768
3,ridge_100,1.117311902972365,0.1187037915177738
9,ridge_10,1.1533812044077127,0.18817411800888964
6,ridge_1,1.1994787919714462,0.24567080618169615
5,ridge_0.1,1.2804199008366117,0.27164734322611894
5,ridge_1000,1.2997842260421095,0.15053138328713994
10,ridge_10,1.3040599814084322,0.23492647662223856
5,ridge_0.01,1.5411634106092467,0.4128097829063141
5,ridge_0.001,1.5804809054818045,0.43716660133875623
5,ridge_0.0001,1.5846308685682702,0.4397932147151034
5,ridge_1e-05,1.585048196723825,0.4400579547312696
5,ridge_1e-06,1.5850899530195348,0.44008444970538235
5,ols,1.5850945928707723,0.440087393825815
4,ridge_1000,1.8181702103279385,0.2144228319971176
7,ridge_1,1.8444000321291423,0.30186468242237585
8,ridge_1,1.9263893400782695,0.3445172846446796
10,ridge_10000,2.0771297083091227,0.230129147813739
9,ridge_10000,2.2311005199045977,0.24392986652518533
8,ridge_10000,2.4073058702194072,0.26094875852751204
9,ridge_1,2.4494308803750036,0.3058822377050357
10,ridge_1,2.6378553927179893,0.42422989381910076
7,ridge_10000,2.8335219064077375,0.29826764272077877
2,ridge_10,2.949247389004429,0.30065006354885954
2,ridge_1,2.953531559372501,0.30686715433832246
2,ridge_0.1,2.9541879621184064,0.3075222874556721
2,ridge_0.01,2.9542560287799797,0.3075881549459803
2,ridge_0.001,2.954262859865167,0.3075947452582593
2,ridge_0.0001,2.9542635432180315,0.3075954043251412
2,ridge_1e-05,2.954263611555762,0.307595470232186
2,ridge_1e-06,2.954263618389559,0.30759547682289434
2,ols,2.9542636191488705,0.3075954775551943
2,ridge_100,3.042346393308076,0.2605882159188787
6,ridge_10000,3.213585801115065,0.2864676206994619
3,ridge_1000,3.231607844882441,0.3945126104956833
9,ols,3.4655579115628434,0.17571651128167307
10,ols,3.4750533990158288,0.1554288048920526
8,ridge_0.1,3.766199312364713,0.4124544537337495
9,ridge_0.1,3.887149071145496,0.4172795678752337
6,ridge_0.1,3.94987672677876,0.8009926566507322
8,ols,4.072164968491344,0.2505752600384582
10,ridge_0.1,4.224564058889174,0.42816097694724614
7,ridge_0.1,4.331393491061388,0.4225131389361782
5,ridge_10000,4.415715401908827,0.4657138972128019
9,ridge_0.01,4.57201355684372,0.546613155593711
10,ridge_100000,4.687935489651665,0.39500815346980267
9,ridge_0.001,4.693549410215128,0.5704215510028372
9,ridge_0.0001,4.7067942625331245,0.5729778331850675
9,ridge_1e-05,4.708130847963959,0.5732352820126497
9,ridge_1e-06,4.708264628811682,0.5732610451679659
8,ridge_0.01,4.864435225301809,0.40176368651740174
2,ridge_1000,4.876966541072194,0.34658525183943467
10,ridge_0.01,5.0468473989387,0.5125828532440292
8,ridge_0.001,5.074995750041826,0.3964736743434523
8,ridge_0.0001,5.098752662231798,0.3954914701656696
8,ridge_1e-05,5.1011633445726465,0.39538373413778805
8,ridge_1e-06,5.101404775050919,0.39537285643913617
10,ridge_0.001,5.186828685862665,0.5442688925530127
10,ridge_0.0001,5.201891949855428,0.5479613135731906
10,ridge_1e-05,5.203409830671841,0.5483363341677098
10,ridge_1e-06,5.203561735284994,0.5483738945904052
9,ridge_100000,5.288451978534172,0.4953388845028419
4,ridge_10000,5.332931174875762,0.43158554478765326
8,ridge_100000,5.6542213917008395,0.47217691288651453
7,ols,5.9712036151278065,0.695115501747464
7,ridge_100000,6.529919290039845,0.6601411953764813
7,ridge_0.01,6.993488752813643,1.0237206910903096
6,ridge_100000,7.234055274145399,0.635088787852329
3,ridge_10000,7.2958871747152845,0.7661576705121893
7,ridge_0.001,7.91699438819739,1.3156888749211733
7,ridge_0.0001,8.059696268479957,1.3611772818351908
7,ridge_1e-05,8.075614475396716,1.3664202266660488
7,ridge_1e-06,8.077228473031383,1.3669550017314176
5,ridge_100000,8.122591327201024,0.801004180067766
2,ridge_10000,8.451997740061804,0.7432406404283878
1,ridge_100,8.669182367104145,0.8954136570251832
1,ridge_10,8.67115963010058,0.909986623708742
1,ridge_1,8.673165621201232,0.9119833640841457
1,ridge_0.1,8.673391106803129,0.9121902782330039
1,ridge_0.01,8.67341391323048,0.9122110445156476
1,ridge_0.001,8.673416196461174,0.9122131218951388
1,ridge_0.0001,8.673416424810133,0.9122133296406028
1,ridge_1e-05,8.673416447645288,0.9122133504152248
1,ridge_1e-06,8.673416449928805,0.9122133524926874
1,ols,8.67341645018253,0.9122133527235166
4,ridge_100000,8.856786464148609,0.7889410235595457
1,ridge_1000,8.929406799434425,0.8695741095150612
3,ridge_100000,9.37190598693374,0.8660490749855385
1,ridge_10000,9.57801016943832,0.8764507926020155
2,ridge_100000,9.636174881654576,0.8641227021725586
1,ridge_100000,9.776849150439492,0.8798215095430275
6,ridge_0.01,16.161362415333944,5.044595307840964
6,ridge_0.001,56.39559447775183,31.600840869944818
6,ridge_0.0001,96.34425939849177,64.94981026163691
6,ols,102.35913259754268,55.9367598868647
6,ridge_1e-05,105.29289288475192,72.06309739907277
6,ridge_1e-06,106.31781600732693,72.8526427334834
