degree,alpha,mse,std
6,9.999999999999999e-06,0.5438744813251581,0.04469712511387337
6,1.778279410038923e-05,0.5438745795590929,0.04469713395938263
6,3.1622776601683795e-05,0.5438747542918152,0.044697149696481836
6,5.623413251903491e-05,0.5438750651587433,0.04469717770452553
6,0.0001,0.5438756184202183,0.04469722758368795
6,0.00017782794100389227,0.5438766037062861,0.044697316513606436
6,0.00031622776601683794,0.5438783603469738,0.0446974753853397
6,0.0005623413251903491,0.5438814984410856,0.044697760208019924
6,0.001,0.5438871239514859,0.04469827397499307
6,0.0017782794100389228,0.5438972697130706,0.04469921051462043
6,0.0031622776601683794,0.5439157575459109,0.04470094797261625
6,0.005623413251903491,0.5439500255661931,0.04470426296425763
6,0.01,0.5440152632176296,0.04471085688661656
6,0.01778279410038923,0.5441443279968378,0.04472472013154557
6,0.03162277660168379,0.544412294944588,0.04475575246056419
6,0.056234132519034905,0.5449964649791239,0.04482923476785498
6,0.1,0.5463126742084786,0.04500921671476014
6,0.1778279410038923,0.549281791606765,0.04545036885316663
6,0.31622776601683794,0.5557387545769034,0.04649437012400051
6,0.5623413251903491,0.5688717107012151,0.04879875157866632
6,1.0,0.5934768484106397,0.053397214676920345
6,1.7782794100389228,0.6359258857443186,0.06152128921916121
6,3.1622776601683795,0.7040421214976899,0.07412514183460124
6,5.62341325190349,0.8069574748477001,0.09126400493072481
6,10.0,0.9550544732556722,0.11196152848211886
6,17.78279410038923,1.1613039486486945,0.13535862354688294
6,31.622776601683793,1.4440742027761164,0.16219235801671342
6,56.23413251903491,1.8298968705226897,0.1950290126881181
6,100.0,2.355758772125807,0.23750883683423082
6,177.82794100389228,3.073352574718915,0.2920436607558746
6,316.2277660168379,4.062921261006153,0.35923001365986024
6,562.341325190349,5.442323093705278,0.451030570035914
6,1000.0,7.3493690656468065,0.6086636581340953
6,1778.2794100389228,9.947822273736534,0.8959370187102013
6,3162.2776601683795,13.458092337532065,1.3772668023781158
6,5623.413251903491,18.013783519864333,2.0826367721020986
6,10000.0,23.314887983832868,2.9521354360602965
6,17782.794100389227,28.570460949790508,3.835008075609077
6,31622.776601683792,32.9852219003308,4.5822616446112985
6,56234.13251903491,36.21479362320788,5.129198106428654
6,100000.0,38.35244810901652,5.490615224161382
7,9.999999999999999e-06,0.3205914720173027,0.021342940029627482
7,1.778279410038923e-05,0.3205908450361933,0.02134247565002096
7,3.1622776601683795e-05,0.32058973122627415,0.021341650328788226
7,5.623413251903491e-05,0.32058775415285246,0.021340184179097978
7,0.0001,0.3205842496888612,0.02133758169634942
7,0.00017782794100389227,0.3205780534004713,0.021332968698348935
7,0.00031622776601683794,0.32056714630033234,0.021324812480744634
7,0.0005623413251903491,0.3205480977318959,0.02131045549356853
7,0.001,0.3205152911658164,0.021285381361078392
7,0.0017782794100389228,0.32046016017392265,0.021242190793762907
7,0.0031622776601683794,0.3203714143066114,0.021169565634755128
7,0.005623413251903491,0.3202388907680955,0.02105240846084941
7,0.01,0.32006559380635907,0.020876202773742473
7,0.01778279410038923,0.3198908022493282,0.020640178797415136
7,0.03162277660168379,0.3198211208287498,0.020379151193235537
7,0.056234132519034905,0.3200862813427997,0.0201768797918134
7,0.1,0.32120067460995555,0.020140247594964415
7,0.1778279410038923,0.32425319722076795,0.020332537275140897
7,0.31622776601683794,0.3311044671636014,0.02078302054566688
7,0.5623413251903491,0.3443107903933021,0.021838753588997277
7,1.0,0.3669517539211128,0.02472695142701064
7,1.7782794100389228,0.402501173218828,0.031285290467290325
7,3.1622776601683795,0.4543945191288212,0.04289140966420207
7,5.62341325190349,0.5253434604720412,0.06012147687158301
7,10.0,0.618156049734435,0.0829340492314249
7,17.78279410038923,0.7401062251678134,0.11112701208766762
7,31.622776601683793,0.9093374988167013,0.1453655110192965
7,56.23413251903491,1.1574088921861834,0.18793011197434478
7,100.0,1.5276731421511074,0.24177986811522093
7,177.82794100389228,2.080124194018617,0.30848681144548334
7,316.2277660168379,2.8989689907459053,0.3874530272968011
7,562.341325190349,4.080859959006284,0.4796521557831455
7,1000.0,5.724706670313943,0.5993518316680054
7,1778.2794100389228,7.971483392518219,0.7856662567746886
7,3162.2776601683795,11.041409060713569,1.1011218617471363
7,5623.413251903491,15.134116590479659,1.6138558087953956
7,10000.0,20.16239990181124,2.3460702580641044
7,17782.794100389227,25.56282421371327,3.2156209728316973
7,31622.776601683792,30.51714428507712,4.061903845284817
7,56234.13251903491,34.43477492178617,4.751886724006025
7,100000.0,37.184298374808776,5.243121332213503
8,9.999999999999999e-06,0.2557804434265647,0.027216480500015194
8,1.778279410038923e-05,0.25577485041380055,0.027214770677905006
8,3.1622776601683795e-05,0.2557649164784911,0.027211731805275707
8,5.623413251903491e-05,0.25574728902300353,0.027206333124732737
8,0.0001,0.2557160616185986,0.027196749506338925
8,0.00017782794100389227,0.255660904095207,0.027179760285518013
8,0.00031622776601683794,0.25556398204354946,0.027149717657598018
8,0.0005623413251903491,0.25539520992160036,0.027096832224329705
8,0.001,0.25510589971208897,0.027004508776986912
8,0.0017782794100389228,0.25462299078745615,0.02684581727592056
8,0.0031622776601683794,0.2538514636059107,0.02658076934291358
8,0.005623413251903491,0.2527007477668794,0.026160223826183136
8,0.01,0.25115033404978704,0.025546599773064536
8,0.01778279410038923,0.24933592255163087,0.024749133390812954
8,0.03162277660168379,0.2475866366037185,0.023828686755302204
8,0.056234132519034905,0.24638800618819676,0.022830280536725294
8,0.1,0.24635672353511237,0.02171297162162592
8,0.1778279410038923,0.24819648704230465,0.020368203388021113
8,0.31622776601683794,0.2525160835125998,0.018736774930453528
8,0.5623413251903491,0.2597570356753569,0.01694746271502334
8,1.0,0.27049032251423116,0.015350938308865714
8,1.7782794100389228,0.28588065025728926,0.014510790535255712
8,3.1622776601683795,0.30807581598151884,0.015103783526434326
8,5.62341325190349,0.3406547075307213,0.017701976913250136
8,10.0,0.3896387105356952,0.02291071187850405
8,17.78279410038923,0.46561190266374863,0.03163353822424976
8,31.622776601683793,0.5862221695698673,0.04520285787497967
8,56.23413251903491,0.7761119817673453,0.0656605779827937
8,100.0,1.0644807461534973,0.09566428623953054
8,177.82794100389228,1.488348590835604,0.13694091667840233
8,316.2277660168379,2.1053076767133274,0.18497617350734216
8,562.341325190349,3.0040795827583437,0.2216257519848996
8,1000.0,4.303407591232274,0.2197812651709889
8,1778.2794100389228,6.149179694140866,0.19380016673304726
8,3162.2776601683795,8.728466110263346,0.33491698302721895
8,5623.413251903491,12.267596074236437,0.7507074167261477
8,10000.0,16.884252138135956,1.419282068621471
8,17782.794100389227,22.2877832872681,2.3087087225113936
8,31622.776601683792,27.711426461196062,3.2885684988601236
8,56234.13251903491,32.33978576394149,4.17584051479604
8,100000.0,35.77508981050624,4.856631546534239
9,9.999999999999999e-06,0.2872751688116858,0.05086060653313855
9,1.778279410038923e-05,0.2872637381200752,0.05088221732770498
9,3.1622776601683795e-05,0.2872431815413328,0.05091946429376156
9,5.623413251903491e-05,0.2872059042151112,0.05098205359057179
9,0.0001,0.28713736601660333,0.05108234017231156
9,0.00017782794100389227,0.28700865061984343,0.05122856269182631
9,0.00031622776601683794,0.2867601526109838,0.05140056586959923
9,0.0005623413251903491,0.2862686505519881,0.05148917679394818
9,0.001,0.28529728848589586,0.051194214533754896
9,0.0017782794100389228,0.2834650394747241,0.04994916060842478
9,0.0031622776601683794,0.28031608484695086,0.04703713787129477
9,0.005623413251903491,0.2755300579948364,0.04203104741665547
9,0.01,0.26920897407978,0.03549064301978452
9,0.01778279410038923,0.26207876597682445,0.029418979917507165
9,0.03162277660168379,0.2553366315170057,0.026123177766088766
9,0.056234132519034905,0.2500799280803277,0.025401929985874826
9,0.1,0.24678211853958487,0.024997011160465862
9,0.1778279410038923,0.24527457929143953,0.023682247364855788
9,0.31622776601683794,0.2451645231078258,0.021719305493814865
9,0.5623413251903491,0.2463804421899364,0.01984722098413321
9,1.0,0.24953958495248715,0.01854817746340362
9,1.7782794100389228,0.25601218066082043,0.01791734798467841
9,3.1622776601683795,0.2678234844274492,0.017991115749939418
9,5.62341325190349,0.28770065589081584,0.019181680182693426
9,10.0,0.31966325831498865,0.02238996444497304
9,17.78279410038923,0.37000602687966655,0.028919891208962704
9,31.622776601683793,0.4485215186482905,0.040775040996191725
9,56.23413251903491,0.5713413122847073,0.060883035881634344
9,100.0,0.7657369891119903,0.09260410520301579
9,177.82794100389228,1.074738517787783,0.13819676387285681
9,316.2277660168379,1.563521001488494,0.19618271730696538
9,562.341325190349,2.3249139467691924,0.2582305716084914
9,1000.0,3.4679065131825895,0.3094166923075443
9,1778.2794100389228,5.107799157282673,0.3443541893407827
9,3162.2776601683795,7.401743365710511,0.41181779425205695
9,5623.413251903491,10.570718477230752,0.6345994116993389
9,10000.0,14.788467415602895,1.108027845556212
9,17782.794100389227,19.93490148410401,1.8514209707703901
9,31622.776601683792,25.428479538304842,2.7866614779651995
9,56234.13251903491,30.44576917794678,3.7346035541521783
9,100000.0,34.39971233530707,4.527619004427323
10,9.999999999999999e-06,0.4650235733848459,0.2772484162633991
10,1.778279410038923e-05,0.4629889745444191,0.27429306699989187
10,3.1622776601683795e-05,0.45948091196634994,0.2691520044012616
10,5.623413251903491e-05,0.45356098611750595,0.26035789244210017
10,0.0001,0.4439077282529584,0.24574611524928838
10,0.00017782794100389227,0.42897082862067554,0.2226261701355374
10,0.00031622776601683794,0.40757084388340425,0.1888093163706321
10,0.0005623413251903491,0.3800622458160335,0.14491001611477566
10,0.001,0.3494518834064368,0.09686188399955004
10,0.0017782794100389228,0.3208463200492484,0.05540625467589852
10,0.0031622776601683794,0.29848722806239375,0.031057121521981694
10,0.005623413251903491,0.28312115391044806,0.025318947535612642
10,0.01,0.2727524285878719,0.026386527542769718
10,0.01778279410038923,0.26511083073718433,0.027452795672052558
10,0.03162277660168379,0.2588433667473353,0.027934967502909268
10,0.056234132519034905,0.2533623552003547,0.028156106961039262
10,0.1,0.24848357868151266,0.028200588002490964
10,0.1778279410038923,0.24423113990086215,0.02786574333684114
10,0.31622776601683794,0.24071059873873332,0.026915340157187287
10,0.5623413251903491,0.23812916565947476,0.025362342344074883
10,1.0,0.2369784360325597,0.02348319999848099
10,1.7782794100389228,0.23818417624987473,0.021612941937595456
10,3.1622776601683795,0.24325136351016924,0.0200247839812166
10,5.62341325190349,0.25449888635999024,0.018997878290358757
10,10.0,0.2754325434234946,0.01900935252542531
10,17.78279410038923,0.31146022715666627,0.021118977612839856
10,31.622776601683793,0.37112864599702233,0.027489508250186204
10,56.23413251903491,0.4683771945314626,0.04137100219269584
10,100.0,0.6260027724278544,0.06632002620238396
10,177.82794100389228,0.878819238143999,0.10494908224365145
10,316.2277660168379,1.27782900001154,0.15740184478325
10,562.341325190349,1.8982139719609825,0.21732305140636154
10,1000.0,2.8416864900248817,0.26411899274160533
10,1778.2794100389228,4.227659960637267,0.2606339854246412
10,3162.2776601683795,6.198551084483086,0.1699931540747968
10,5623.413251903491,8.944528531739754,0.15316595679686384
10,10000.0,12.673379107926676,0.5373871332992681
10,17782.794100389227,17.435167108348175,1.1606342390298696
10,31622.776601683792,22.871346363887774,2.030423883673532
10,56234.13251903491,28.216630053066638,3.0424049057785987
10,100000.0,32.71500147744379,3.9911887919694764
11,9.999999999999999e-06,1.753188076672681,2.366325032616579
11,1.778279410038923e-05,1.6747132630129493,2.2368815898957677
11,3.1622776601683795e-05,1.5641235461251515,2.0539971420646537
11,5.623413251903491e-05,1.4182998244279734,1.811541641108148
11,0.0001,1.239900259177015,1.5126227029137944
11,0.00017782794100389227,1.0403055980043259,1.1757748115921192
11,0.00031622776601683794,0.8393380185583904,0.8359891546446095
11,0.0005623413251903491,0.6591137225405518,0.5338895669248159
11,0.001,0.515374552029489,0.29884336520388965
11,0.0017782794100389228,0.41332056832685166,0.14081530290982452
11,0.0031622776601683794,0.34897450761264653,0.053710092154229054
11,0.005623413251903491,0.3124379747524646,0.023555664981776733
11,0.01,0.2923090852971855,0.021774819421321596
11,0.01778279410038923,0.2799651472555726,0.02200009212727149
11,0.03162277660168379,0.2707216235891507,0.022299035259390327
11,0.056234132519034905,0.2625554048772821,0.02278223220991745
11,0.1,0.25495916676916963,0.023404719671044148
11,0.1778279410038923,0.24827538982400776,0.024473910723193253
11,0.31622776601683794,0.24299013211420814,0.025550888389616833
11,0.5623413251903491,0.2392982509368891,0.025837253921016188
11,1.0,0.237236275547334,0.025199434906968066
11,1.7782794100389228,0.2371666574810963,0.02409403713769163
11,3.1622776601683795,0.24025714657474379,0.022918616313646303
11,5.62341325190349,0.24867667146113842,0.02177366557497344
11,10.0,0.26562643090732746,0.020722669747909435
11,17.78279410038923,0.29565221021648214,0.02013304517266727
11,31.622776601683793,0.34526365294087513,0.021340815810296086
11,56.23413251903491,0.4236248300157498,0.02763493531092131
11,100.0,0.5451515399060926,0.0440659071625909
11,177.82794100389228,0.7369451419802944,0.07603164049683406
11,316.2277660168379,1.0492873088351886,0.12626471772613934
11,562.341325190349,1.563580943222411,0.19109412390339894
11,1000.0,2.3881645811704786,0.2579267793975191
11,1778.2794100389228,3.636903431416001,0.3053795493748775
11,3162.2776601683795,5.4279391773045775,0.3157839000029728
11,5623.413251903491,7.9273513391970365,0.32298724723808847
11,10000.0,11.343607534957759,0.48298139216036023
11,17782.794100389227,15.785135740595724,0.9234916566135855
11,31622.776601683792,21.037241157871275,1.6650353354676901
11,56234.13251903491,26.465977254102096,2.6335637993714838
11,100000.0,31.285465078315998,3.6287609362582716
12,9.999999999999999e-06,0.940216055355231,0.2386253551795338
12,1.778279410038923e-05,0.8636717412973779,0.1854897184641098
12,3.1622776601683795e-05,0.7860980288171843,0.13742766502694861
12,5.623413251903491e-05,0.7209763722983976,0.1241336136850723
12,0.0001,0.685480523696716,0.19954494487085603
12,0.00017782794100389227,0.6849199481915342,0.33727918023244996
12,0.00031622776601683794,0.7005221190592994,0.47163019074996093
12,0.0005623413251903491,0.700683769860361,0.5428103222054088
12,0.001,0.6644570695052769,0.5228733411595442
12,0.0017782794100389228,0.593425870067545,0.42570308484734454
12,0.0031622776601683794,0.5060988390252614,0.2930638578057411
12,0.005623413251903491,0.4243203010157899,0.1697720653548681
12,0.01,0.3618303905918004,0.0828717501661349
12,0.01778279410038923,0.320624234515134,0.036744973396229265
12,0.03162277660168379,0.29514220803298763,0.02279918750741404
12,0.056234132519034905,0.2787783482265068,0.023012595261613346
12,0.1,0.2672082647887676,0.024518331729705606
12,0.1778279410038923,0.2583236029398735,0.025444421418955563
12,0.31622776601683794,0.2512152882942944,0.026082116867472242
12,0.5623413251903491,0.24552276387488056,0.02656683649246724
12,1.0,0.24119815136185033,0.026794505853470155
12,1.7782794100389228,0.2385409491641822,0.026677038678270086
12,3.1622776601683795,0.23851435300837118,0.026205337877956085
12,5.62341325190349,0.24319732542158387,0.025286002973084542
12,10.0,0.25614155213116907,0.02360061338828262
12,17.78279410038923,0.2824980136423755,0.020762313836836552
12,31.622776601683793,0.3289293709470974,0.01763600773179895
12,56.23413251903491,0.4035807499067565,0.019266966616020155
12,100.0,0.5176743667093436,0.03223395483989874
12,177.82794100389228,0.6917626625508324,0.060644400371274214
12,316.2277660168379,0.9661566414936471,0.10756268007053578
12,562.341325190349,1.4096164288953907,0.1713198282489879
12,1000.0,2.1193946987681302,0.243098279401271
12,1778.2794100389228,3.207802091589618,0.30233565177696586
12,3162.2776601683795,4.791534482565391,0.3174663853882541
12,5623.413251903491,7.01336247172158,0.27950659273667317
12,10000.0,10.060350722750806,0.3242775936911446
12,17782.794100389227,14.08822468318804,0.622120765853707
12,31622.776601683792,19.032451123403536,1.1694457468428967
12,56234.13251903491,24.432946998606063,2.012595656035593
12,100000.0,29.532841958638254,3.03537933006971
