degree,cv_mse,cv_r2
1,31.586059420907823,0.23059193680850143
2,19.27762732233355,0.5299823577803602
3,11.439334023049275,0.7235040409113905
4,3.6042677198319337,0.9119367446972275
5,1.4829201370368792,0.9639756162365464
6,0.5438743551327567,0.9865664635838505
7,0.3205922782930756,0.9921165038884275
8,0.25578763695440615,0.9936773698940824
9,0.2872897191539109,0.9928415637982573
10,0.46770762551452305,0.98826736064534
11,1.8864388080092613,0.9523960054260291
12,1.1929841884903234,0.9717032802287665
13,14.740986526847331,0.6191139493218984
14,349.5597294003572,-6.888736366926774
15,31583480181.906395,-850934673.7103615
16,29055628302686.293,-574372989068.2979
17,29884070583854.992,-681830315914.0012
18,12054707172620.21,-264974952894.63556
19,12801547263307.223,-263836637411.08954
20,10339086285652.453,-213346299509.31924
